Workbook
Name lst_Canaux: 'REF_LOCALE'!$A$2:$A$6
Name lst_Proprietaires: 'REF_LOCALE'!$B$2:$B$13
Name lst_Logements: 'REF_LOCALE'!$C$2:$C$19
Name lst_Associes: 'REF_LOCALE'!$D$2:$D$3
Name lst_ModesPaiement: 'REF_LOCALE'!$E$2:$E$6
Name lst_Source_Financiere: 'REF_LOCALE'!$F$2:$F$6
Name lst_TauxCommissionSource: 'REF_LOCALE'!$G$2:$G$5
Name lst_Codes_Impact: 'REF_LOCALE'!$H$2:$H$4
Name lst_Comptabilisation: 'REF_LOCALE'!$I$2:$I$3
Name lst_Statuts_Controle: 'REF_LOCALE'!$J$2:$J$5
Name lst_Niveau_Anomalie: 'REF_LOCALE'!$K$2:$K$4
Name lst_PropTauxLookup: 'REF_LOCALE'!$M$2:$N$13

Sheet SAISIE
A1: reservation_hh_id | B1: ROW_HASH | C1: mois | D1: canal_id | E1: source_financiere | F1: proprietaire_id | G1: logement_id | H1: reservation_id_hostaway | I1: date_arrivee | J1: date_depart | K1: nuits | L1: total_percu | M1: menage | N1: taux_commission | O1: taux_commission_source | P1: commentaire_taux_commission | Q1: commission | R1: montant_recupere | S1: associe_id_recuperateur | T1: montant_reverse_proprietaire | U1: mode_paiement_id | V1: acompte_facture | W1: code_impact | X1: comptabilisation | Y1: impact_resultat_reel | Z1: impact_resultat_comptable | AA1: statut_controle | AB1: niveau_anomalie | AC1: code_anomalie | AD1: commentaire
A2: RESHH-2026-05-001 | B2: =IF(A2="","",A2&"|"&D2&"|"&F2&"|"&G2&"|"&TEXT(I2,"YYYYMMDD")&"|"&TEXT(L2,"0.00")) | C2: =IF(I2="","",TEXT(I2,"YYYY-MM")) | D2: CANAL_004 | E2: DIRECT_HA_PAYANT | F2: PROP_0003 | G2: LOG_0009 | H2: 60559486 | I2: 46167 | J2: 46222 | K2: =IF(OR(I2="",J2=""),"",J2-I2) | L2: 2343.48 | M2: 55 | N2: =IF(F2="","",IFERROR(VLOOKUP(F2,lst_PropTauxLookup,2,0),"")) | O2: =IF(F2="","",IF(ISNUMBER(IFERROR(VLOOKUP(F2,lst_PropTauxLookup,2,0),"")),"REF_PROPRIETAIRE","A_CONTROLER")) | Q2: =IF(OR(L2="",N2=""),"",IFERROR((L2-IF(M2="",0,M2))*N2,0)) | V2: =IF(L2="","",L2-IF(M2="",0,M2)-IF(Q2="",0,Q2)-IF(T2="",0,T2)) | W2: HC | X2: NON | Y2: =IF(W2="IC","OUI",IF(W2="HC","OUI",IF(W2="HR","NON","A_CONTROLER"))) | Z2: =IF(W2="IC","OUI",IF(W2="HC","NON",IF(W2="HR","NON","A_CONTROLER"))) | AA2: VALIDE | AB2: INFO | AD2: Reservation directe Hostaway 60559486 integree (decision humaine 2026-06-15). Menage standard T3 deduit pour assiette commission.
B3: =IF(A3="","",A3&"|"&D3&"|"&F3&"|"&G3&"|"&TEXT(I3,"YYYYMMDD")&"|"&TEXT(L3,"0.00")) | C3: =IF(I3="","",TEXT(I3,"YYYY-MM")) | K3: =IF(OR(I3="",J3=""),"",J3-I3) | N3: =IF(F3="","",IFERROR(VLOOKUP(F3,lst_PropTauxLookup,2,0),"")) | O3: =IF(F3="","",IF(ISNUMBER(IFERROR(VLOOKUP(F3,lst_PropTauxLookup,2,0),"")),"REF_PROPRIETAIRE","A_CONTROLER")) | Q3: =IF(OR(L3="",N3=""),"",IFERROR((L3-IF(M3="",0,M3))*N3,0)) | V3: =IF(L3="","",L3-IF(M3="",0,M3)-IF(Q3="",0,Q3)-IF(T3="",0,T3)) | Y3: =IF(W3="IC","OUI",IF(W3="HC","OUI",IF(W3="HR","NON","A_CONTROLER"))) | Z3: =IF(W3="IC","OUI",IF(W3="HC","NON",IF(W3="HR","NON","A_CONTROLER")))
B4: =IF(A4="","",A4&"|"&D4&"|"&F4&"|"&G4&"|"&TEXT(I4,"YYYYMMDD")&"|"&TEXT(L4,"0.00")) | C4: =IF(I4="","",TEXT(I4,"YYYY-MM")) | K4: =IF(OR(I4="",J4=""),"",J4-I4) | N4: =IF(F4="","",IFERROR(VLOOKUP(F4,lst_PropTauxLookup,2,0),"")) | O4: =IF(F4="","",IF(ISNUMBER(IFERROR(VLOOKUP(F4,lst_PropTauxLookup,2,0),"")),"REF_PROPRIETAIRE","A_CONTROLER")) | Q4: =IF(OR(L4="",N4=""),"",IFERROR((L4-IF(M4="",0,M4))*N4,0)) | V4: =IF(L4="","",L4-IF(M4="",0,M4)-IF(Q4="",0,Q4)-IF(T4="",0,T4)) | Y4: =IF(W4="IC","OUI",IF(W4="HC","OUI",IF(W4="HR","NON","A_CONTROLER"))) | Z4: =IF(W4="IC","OUI",IF(W4="HC","NON",IF(W4="HR","NON","A_CONTROLER")))
B5: =IF(A5="","",A5&"|"&D5&"|"&F5&"|"&G5&"|"&TEXT(I5,"YYYYMMDD")&"|"&TEXT(L5,"0.00")) | C5: =IF(I5="","",TEXT(I5,"YYYY-MM")) | K5: =IF(OR(I5="",J5=""),"",J5-I5) | N5: =IF(F5="","",IFERROR(VLOOKUP(F5,lst_PropTauxLookup,2,0),"")) | O5: =IF(F5="","",IF(ISNUMBER(IFERROR(VLOOKUP(F5,lst_PropTauxLookup,2,0),"")),"REF_PROPRIETAIRE","A_CONTROLER")) | Q5: =IF(OR(L5="",N5=""),"",IFERROR((L5-IF(M5="",0,M5))*N5,0)) | V5: =IF(L5="","",L5-IF(M5="",0,M5)-IF(Q5="",0,Q5)-IF(T5="",0,T5)) | Y5: =IF(W5="IC","OUI",IF(W5="HC","OUI",IF(W5="HR","NON","A_CONTROLER"))) | Z5: =IF(W5="IC","OUI",IF(W5="HC","NON",IF(W5="HR","NON","A_CONTROLER")))
B6: =IF(A6="","",A6&"|"&D6&"|"&F6&"|"&G6&"|"&TEXT(I6,"YYYYMMDD")&"|"&TEXT(L6,"0.00")) | C6: =IF(I6="","",TEXT(I6,"YYYY-MM")) | K6: =IF(OR(I6="",J6=""),"",J6-I6) | N6: =IF(F6="","",IFERROR(VLOOKUP(F6,lst_PropTauxLookup,2,0),"")) | O6: =IF(F6="","",IF(ISNUMBER(IFERROR(VLOOKUP(F6,lst_PropTauxLookup,2,0),"")),"REF_PROPRIETAIRE","A_CONTROLER")) | Q6: =IF(OR(L6="",N6=""),"",IFERROR((L6-IF(M6="",0,M6))*N6,0)) | V6: =IF(L6="","",L6-IF(M6="",0,M6)-IF(Q6="",0,Q6)-IF(T6="",0,T6)) | Y6: =IF(W6="IC","OUI",IF(W6="HC","OUI",IF(W6="HR","NON","A_CONTROLER"))) | Z6: =IF(W6="IC","OUI",IF(W6="HC","NON",IF(W6="HR","NON","A_CONTROLER")))
B7: =IF(A7="","",A7&"|"&D7&"|"&F7&"|"&G7&"|"&TEXT(I7,"YYYYMMDD")&"|"&TEXT(L7,"0.00")) | C7: =IF(I7="","",TEXT(I7,"YYYY-MM")) | K7: =IF(OR(I7="",J7=""),"",J7-I7) | N7: =IF(F7="","",IFERROR(VLOOKUP(F7,lst_PropTauxLookup,2,0),"")) | O7: =IF(F7="","",IF(ISNUMBER(IFERROR(VLOOKUP(F7,lst_PropTauxLookup,2,0),"")),"REF_PROPRIETAIRE","A_CONTROLER")) | Q7: =IF(OR(L7="",N7=""),"",IFERROR((L7-IF(M7="",0,M7))*N7,0)) | V7: =IF(L7="","",L7-IF(M7="",0,M7)-IF(Q7="",0,Q7)-IF(T7="",0,T7)) | Y7: =IF(W7="IC","OUI",IF(W7="HC","OUI",IF(W7="HR","NON","A_CONTROLER"))) | Z7: =IF(W7="IC","OUI",IF(W7="HC","NON",IF(W7="HR","NON","A_CONTROLER")))
B8: =IF(A8="","",A8&"|"&D8&"|"&F8&"|"&G8&"|"&TEXT(I8,"YYYYMMDD")&"|"&TEXT(L8,"0.00")) | C8: =IF(I8="","",TEXT(I8,"YYYY-MM")) | K8: =IF(OR(I8="",J8=""),"",J8-I8) | N8: =IF(F8="","",IFERROR(VLOOKUP(F8,lst_PropTauxLookup,2,0),"")) | O8: =IF(F8="","",IF(ISNUMBER(IFERROR(VLOOKUP(F8,lst_PropTauxLookup,2,0),"")),"REF_PROPRIETAIRE","A_CONTROLER")) | Q8: =IF(OR(L8="",N8=""),"",IFERROR((L8-IF(M8="",0,M8))*N8,0)) | V8: =IF(L8="","",L8-IF(M8="",0,M8)-IF(Q8="",0,Q8)-IF(T8="",0,T8)) | Y8: =IF(W8="IC","OUI",IF(W8="HC","OUI",IF(W8="HR","NON","A_CONTROLER"))) | Z8: =IF(W8="IC","OUI",IF(W8="HC","NON",IF(W8="HR","NON","A_CONTROLER")))
B9: =IF(A9="","",A9&"|"&D9&"|"&F9&"|"&G9&"|"&TEXT(I9,"YYYYMMDD")&"|"&TEXT(L9,"0.00")) | C9: =IF(I9="","",TEXT(I9,"YYYY-MM")) | K9: =IF(OR(I9="",J9=""),"",J9-I9) | N9: =IF(F9="","",IFERROR(VLOOKUP(F9,lst_PropTauxLookup,2,0),"")) | O9: =IF(F9="","",IF(ISNUMBER(IFERROR(VLOOKUP(F9,lst_PropTauxLookup,2,0),"")),"REF_PROPRIETAIRE","A_CONTROLER")) | Q9: =IF(OR(L9="",N9=""),"",IFERROR((L9-IF(M9="",0,M9))*N9,0)) | V9: =IF(L9="","",L9-IF(M9="",0,M9)-IF(Q9="",0,Q9)-IF(T9="",0,T9)) | Y9: =IF(W9="IC","OUI",IF(W9="HC","OUI",IF(W9="HR","NON","A_CONTROLER"))) | Z9: =IF(W9="IC","OUI",IF(W9="HC","NON",IF(W9="HR","NON","A_CONTROLER")))
B10: =IF(A10="","",A10&"|"&D10&"|"&F10&"|"&G10&"|"&TEXT(I10,"YYYYMMDD")&"|"&TEXT(L10,"0.00")) | C10: =IF(I10="","",TEXT(I10,"YYYY-MM")) | K10: =IF(OR(I10="",J10=""),"",J10-I10) | N10: =IF(F10="","",IFERROR(VLOOKUP(F10,lst_PropTauxLookup,2,0),"")) | O10: =IF(F10="","",IF(ISNUMBER(IFERROR(VLOOKUP(F10,lst_PropTauxLookup,2,0),"")),"REF_PROPRIETAIRE","A_CONTROLER")) | Q10: =IF(OR(L10="",N10=""),"",IFERROR((L10-IF(M10="",0,M10))*N10,0)) | V10: =IF(L10="","",L10-IF(M10="",0,M10)-IF(Q10="",0,Q10)-IF(T10="",0,T10)) | Y10: =IF(W10="IC","OUI",IF(W10="HC","OUI",IF(W10="HR","NON","A_CONTROLER"))) | Z10: =IF(W10="IC","OUI",IF(W10="HC","NON",IF(W10="HR","NON","A_CONTROLER")))
B11: =IF(A11="","",A11&"|"&D11&"|"&F11&"|"&G11&"|"&TEXT(I11,"YYYYMMDD")&"|"&TEXT(L11,"0.00")) | C11: =IF(I11="","",TEXT(I11,"YYYY-MM")) | K11: =IF(OR(I11="",J11=""),"",J11-I11) | N11: =IF(F11="","",IFERROR(VLOOKUP(F11,lst_PropTauxLookup,2,0),"")) | O11: =IF(F11="","",IF(ISNUMBER(IFERROR(VLOOKUP(F11,lst_PropTauxLookup,2,0),"")),"REF_PROPRIETAIRE","A_CONTROLER")) | Q11: =IF(OR(L11="",N11=""),"",IFERROR((L11-IF(M11="",0,M11))*N11,0)) | V11: =IF(L11="","",L11-IF(M11="",0,M11)-IF(Q11="",0,Q11)-IF(T11="",0,T11)) | Y11: =IF(W11="IC","OUI",IF(W11="HC","OUI",IF(W11="HR","NON","A_CONTROLER"))) | Z11: =IF(W11="IC","OUI",IF(W11="HC","NON",IF(W11="HR","NON","A_CONTROLER")))
B12: =IF(A12="","",A12&"|"&D12&"|"&F12&"|"&G12&"|"&TEXT(I12,"YYYYMMDD")&"|"&TEXT(L12,"0.00")) | C12: =IF(I12="","",TEXT(I12,"YYYY-MM")) | K12: =IF(OR(I12="",J12=""),"",J12-I12) | N12: =IF(F12="","",IFERROR(VLOOKUP(F12,lst_PropTauxLookup,2,0),"")) | O12: =IF(F12="","",IF(ISNUMBER(IFERROR(VLOOKUP(F12,lst_PropTauxLookup,2,0),"")),"REF_PROPRIETAIRE","A_CONTROLER")) | Q12: =IF(OR(L12="",N12=""),"",IFERROR((L12-IF(M12="",0,M12))*N12,0)) | V12: =IF(L12="","",L12-IF(M12="",0,M12)-IF(Q12="",0,Q12)-IF(T12="",0,T12)) | Y12: =IF(W12="IC","OUI",IF(W12="HC","OUI",IF(W12="HR","NON","A_CONTROLER"))) | Z12: =IF(W12="IC","OUI",IF(W12="HC","NON",IF(W12="HR","NON","A_CONTROLER")))
B13: =IF(A13="","",A13&"|"&D13&"|"&F13&"|"&G13&"|"&TEXT(I13,"YYYYMMDD")&"|"&TEXT(L13,"0.00")) | C13: =IF(I13="","",TEXT(I13,"YYYY-MM")) | K13: =IF(OR(I13="",J13=""),"",J13-I13) | N13: =IF(F13="","",IFERROR(VLOOKUP(F13,lst_PropTauxLookup,2,0),"")) | O13: =IF(F13="","",IF(ISNUMBER(IFERROR(VLOOKUP(F13,lst_PropTauxLookup,2,0),"")),"REF_PROPRIETAIRE","A_CONTROLER")) | Q13: =IF(OR(L13="",N13=""),"",IFERROR((L13-IF(M13="",0,M13))*N13,0)) | V13: =IF(L13="","",L13-IF(M13="",0,M13)-IF(Q13="",0,Q13)-IF(T13="",0,T13)) | Y13: =IF(W13="IC","OUI",IF(W13="HC","OUI",IF(W13="HR","NON","A_CONTROLER"))) | Z13: =IF(W13="IC","OUI",IF(W13="HC","NON",IF(W13="HR","NON","A_CONTROLER")))
B14: =IF(A14="","",A14&"|"&D14&"|"&F14&"|"&G14&"|"&TEXT(I14,"YYYYMMDD")&"|"&TEXT(L14,"0.00")) | C14: =IF(I14="","",TEXT(I14,"YYYY-MM")) | K14: =IF(OR(I14="",J14=""),"",J14-I14) | N14: =IF(F14="","",IFERROR(VLOOKUP(F14,lst_PropTauxLookup,2,0),"")) | O14: =IF(F14="","",IF(ISNUMBER(IFERROR(VLOOKUP(F14,lst_PropTauxLookup,2,0),"")),"REF_PROPRIETAIRE","A_CONTROLER")) | Q14: =IF(OR(L14="",N14=""),"",IFERROR((L14-IF(M14="",0,M14))*N14,0)) | V14: =IF(L14="","",L14-IF(M14="",0,M14)-IF(Q14="",0,Q14)-IF(T14="",0,T14)) | Y14: =IF(W14="IC","OUI",IF(W14="HC","OUI",IF(W14="HR","NON","A_CONTROLER"))) | Z14: =IF(W14="IC","OUI",IF(W14="HC","NON",IF(W14="HR","NON","A_CONTROLER")))
... B501: =IF(A501="","",A501&"|"&D501&"|"&F501&"|"&G501&"|"&TEXT(I501,"YYYYMMDD")&"|"&TEXT(L501,"0.00")) | C501: =IF(I501="","",TEXT(I501,"YYYY-MM")) | K501: =IF(OR(I501="",J501=""),"",J501-I501) | N501: =IF(F501="","",IFERROR(VLOOKUP(F501,lst_PropTauxLookup,2,0),"")) | O501: =IF(F501="","",IF(ISNUMBER(IFERROR(VLOOKUP(F501,lst_PropTauxLookup,2,0),"")),"REF_PROPRIETAIRE","A_CONTROLER")) | Q501: =IF(OR(L501="",N501=""),"",IFERROR((L501-IF(M501="",0,M501))*N501,0)) | V501: =IF(L501="","",L501-IF(M501="",0,M501)-IF(Q501="",0,Q501)-IF(T501="",0,T501)) | Y501: =IF(W501="IC","OUI",IF(W501="HC","OUI",IF(W501="HR","NON","A_CONTROLER"))) | Z501: =IF(W501="IC","OUI",IF(W501="HC","NON",IF(W501="HR","NON","A_CONTROLER")))

Sheet REF_LOCALE
A1: lst_Canaux | B1: lst_Proprietaires | C1: lst_Logements | D1: lst_Associes | E1: lst_ModesPaiement | F1: lst_Source_Financiere | G1: lst_TauxCommissionSource | H1: lst_Codes_Impact | I1: lst_Comptabilisation | J1: lst_Statuts_Controle | K1: lst_Niveau_Anomalie | M1: prop_taux_id | N1: prop_taux_val
A2: CANAL_001 | B2: PROP_0001 | C2: LOG_0001 | D2: PERS_EWAN | E2: PAY_001 | F2: SAISIE_MANUELLE | G2: REF_PROPRIETAIRE | H2: HC | I2: OUI | J2: VALIDE | K2: INFO | M2: PROP_0001 | N2: 0.18
A3: CANAL_002 | B3: PROP_0002 | C3: LOG_0002 | D3: PERS_WAFA | E3: PAY_002 | F3: HOSTAWAY_REFERENCE | G3: REF_LOGEMENT | H3: IC | I3: NON | J3: A_CONTROLER | K3: A_CONTROLER | M3: PROP_0002 | N3: 0.15
A4: CANAL_003 | B4: PROP_0003 | C4: LOG_0004 | E4: PAY_003 | F4: VRBO_UNKNOWN | G4: SAISIE_MANUELLE | H4: HR | J4: EXCLU_RESULTAT | K4: BLOQUANT | M4: PROP_0003 | N4: 0.15
A5: CANAL_004 | B5: PROP_0004 | C5: LOG_0005 | E5: PAY_004 | F5: DIRECT_HA_PAYANT | G5: A_CONTROLER | J5: A_VENTILER | M5: PROP_0004 | N5: 0.15
A6: CANAL_005 | B6: PROP_0005 | C6: LOG_0006 | E6: PAY_005 | F6: A_CONTROLER | M6: PROP_0005 | N6: 0.19
B7: PROP_0006 | C7: LOG_0007 | M7: PROP_0006 | N7: 0.15
B8: PROP_0007 | C8: LOG_0008 | M8: PROP_0007 | N8: 0.19
B9: PROP_0008 | C9: LOG_0009 | M9: PROP_0008 | N9: 0.19
B10: PROP_0009 | C10: LOG_0010 | M10: PROP_0009 | N10: 0.18
B11: PROP_0010 | C11: LOG_0011 | M11: PROP_0010 | N11: 0.19
B12: PROP_0011 | C12: LOG_0012 | M12: PROP_0011 | N12: 0.15
B13: PROP_0012 | C13: LOG_0013 | M13: PROP_0012 | N13: 0.12
C14: LOG_0014
C15: LOG_0015
C16: LOG_0016
C17: LOG_0017
C18: APPARTEMENT_DIVERS
C19: LOGEMENT_DIVERS

Sheet CONTROLES_SAISIE
A1: Code | B1: Libelle | C1: Valeur | D1: Seuil | E1: Note
A2: CTR-L4-01 | B2: Lignes saisies (reservation_hh_id renseigne) | C2: =MAX(0,COUNTA(SAISIE!A:A)-1) | D2: INFO
A3: CTR-L4-02 | B3: Lignes VALIDE (statut_controle) | C3: =COUNTIF(SAISIE!AA:AA,"VALIDE") | D3: INFO
A4: CTR-L4-03 | B4: Lignes A_CONTROLER (statut_controle) | C4: =COUNTIF(SAISIE!AA:AA,"A_CONTROLER") | D4: ATTENTION si > 0
A5: CTR-L4-04 | B5: Lignes EXCLU_RESULTAT | C5: =COUNTIF(SAISIE!AA:AA,"EXCLU_RESULTAT") | D5: INFO
A6: CTR-L4-05 | B6: Lignes A_VENTILER | C6: =COUNTIF(SAISIE!AA:AA,"A_VENTILER") | D6: ATTENTION si > 0
A7: CTR-L4-06 | B7: Lignes BLOQUANT (niveau_anomalie) | C7: =COUNTIF(SAISIE!AB:AB,"BLOQUANT") | D7: BLOQUANT si > 0 | E7: Doit etre 0 avant livraison vers MASTER
A8: CTR-L4-07 | B8: reservation_hh_id dupliques | C8: =SUMPRODUCT((COUNTIF(SAISIE!A2:A501,SAISIE!A2:A501)-1)*(SAISIE!A2:A501<>"")) | D8: BLOQUANT si > 0 | E8: PK unique obligatoire — RESH_DOUBLON_HH_ID
A9: CTR-L4-08 | B9: Proprietaire manquant (ligne renseignee) | C9: =COUNTIFS(SAISIE!A2:A501,"<>",SAISIE!F2:F501,"") | D9: BLOQUANT si > 0 | E9: RESH_PROPRIETAIRE_MANQUANT
A10: CTR-L4-09 | B10: Logement manquant (ligne renseignee) | C10: =COUNTIFS(SAISIE!A2:A501,"<>",SAISIE!G2:G501,"") | D10: BLOQUANT si > 0 | E10: RESH_LOGEMENT_MANQUANT
A11: CTR-L4-10 | B11: Canal manquant (ligne renseignee) | C11: =COUNTIFS(SAISIE!A2:A501,"<>",SAISIE!D2:D501,"") | D11: BLOQUANT si > 0 | E11: RESH_CANAL_MANQUANT
A12: CTR-L4-11 | B12: Source financiere manquante (ligne renseignee) | C12: =COUNTIFS(SAISIE!A2:A501,"<>",SAISIE!E2:E501,"") | D12: BLOQUANT si > 0 | E12: RESH_SOURCE_FINANCIERE_MANQUANTE
A13: CTR-L4-12 | B13: Acompte facture negatif | C13: =COUNTIF(SAISIE!V2:V501,"<0") | D13: BLOQUANT si > 0 | E13: RESH_ACOMPTE_NEGATIF — verifier la formule
A14: CTR-L4-13 | B14: VRBO sans montant (VRBO_UNKNOWN + total_percu vide) | C14: =COUNTIFS(SAISIE!E2:E501,"VRBO_UNKNOWN",SAISIE!L2:L501,"") | D14: A_CONTROLER si > 0 | E14: ANO-004 — saisir le montant VRBO reel

Sheet README
A1: SAISIE_ReservationsHorsHostaway.xlsx — Guide de saisie (Lot 4)
A3: PERIMETRE
A4: Reservations non gerees financierement par Hostaway.
A5: - 29 VRBO paymentStatus=Unknown (ANO-004) : source_financiere=VRBO_UNKNOWN
A6: - 13 Direct Hostaway totalPrice>0 dont la verite financiere est ici : source_financiere=DIRECT_HA_PAYANT
A7: - Reservations absentes de Hostaway : source_financiere=SAISIE_MANUELLE
A8: EXCLUT : ownerStay (montant 0). IK/avantages (Lot 7). Acomptes proprietaires (Lot 5).
A10: REGLES OBLIGATOIRES
A11: 1. reservation_hh_id : PK unique. Format : RESHH-AAAA-MM-NNN (NNN reset a 001 chaque mois).
A12: Exemple : RESHH-2026-05-001 / RESHH-2026-06-001.
A13: SAISIR comme valeur fixe (taper en dur ou Coller valeur seule). NE PAS utiliser de formule.
A14: La cle ne doit jamais etre regeneree automatiquement apres saisie initiale.
... A55: CTR-L4-13 : noter le nombre de VRBO sans montant restants (ANO-004)
