Workbook
Name lst_Categories: 'REF_LOCALE'!$A$2:$A$25
Name lst_TypesFlux_Lot3: 'REF_LOCALE'!$B$2:$B$10
Name lst_Codes_Impact: 'REF_LOCALE'!$C$2:$C$4
Name lst_Sens_Flux: 'REF_LOCALE'!$D$2:$D$6
Name lst_Associes: 'REF_LOCALE'!$E$2:$E$3
Name lst_ModesPaiement: 'REF_LOCALE'!$F$2:$F$6
Name lst_Cartes: 'REF_LOCALE'!$G$2:$G$3
Name lst_Affectation: 'REF_LOCALE'!$H$2:$H$5
Name lst_Logements: 'REF_LOCALE'!$I$2:$I$19
Name lst_Proprietaires: 'REF_LOCALE'!$J$2:$J$13
Name lst_Statuts_Controle: 'REF_LOCALE'!$K$2:$K$5
Name lst_Niveau_Anomalie: 'REF_LOCALE'!$L$2:$L$4
Name lst_Source_Flux: 'REF_LOCALE'!$M$2:$M$6
Name lst_Methode: 'REF_LOCALE'!$N$2:$N$6
Name lst_Statut_Rapprochement: 'REF_LOCALE'!$O$2:$O$5
Name lst_Prise_Compta: 'REF_LOCALE'!$P$2:$P$3
Name lst_Refacturable: 'REF_LOCALE'!$Q$2:$Q$3
Name lst_Justificatif: 'REF_LOCALE'!$R$2:$R$4
Name lst_Profils_Impact: 'REF_LOCALE'!$S$2:$S$6

Sheet SAISIE
A1: charge_id | B1: date_charge | C1: mois | D1: montant | E1: sens_flux | F1: categorie_charge_id | G1: type_flux_id | H1: code_impact | I1: impact_resultat_reel | J1: impact_resultat_comptable | K1: prise_en_compta | L1: associe_id | M1: mode_paiement_id | N1: carte_id | O1: affectation_type | P1: logement_id | Q1: proprietaire_id | R1: reservation_id | S1: refacturable | T1: source_flux | U1: methode_traitement | V1: paye_avec_montant_recupere | W1: lien_virement_banque | X1: statut_controle | Y1: niveau_anomalie | Z1: code_anomalie | AA1: statut_rapprochement | AB1: justificatif | AC1: commentaire | AD1: ROW_HASH | AE1: date_saisie | AF1: affectable_menage | AG1: intervenant_concerne | AH1: profil_impact_charge | AI1: libelle_categorie_personnalise
C2: =IF(B2="","",TEXT(B2,"YYYY-MM")) | I2: =IF(H2="IC","OUI",IF(H2="HC","OUI",IF(H2="HR","NON","A_CONTROLER"))) | J2: =IF(H2="IC","OUI",IF(H2="HC","NON",IF(H2="HR","NON","A_CONTROLER"))) | AD2: =IF(A2="","",TEXT(B2,"YYYYMMDD")&"|"&TEXT(D2,"0.00")&"|"&F2&"|"&M2)
C3: =IF(B3="","",TEXT(B3,"YYYY-MM")) | I3: =IF(H3="IC","OUI",IF(H3="HC","OUI",IF(H3="HR","NON","A_CONTROLER"))) | J3: =IF(H3="IC","OUI",IF(H3="HC","NON",IF(H3="HR","NON","A_CONTROLER"))) | AD3: =IF(A3="","",TEXT(B3,"YYYYMMDD")&"|"&TEXT(D3,"0.00")&"|"&F3&"|"&M3)
C4: =IF(B4="","",TEXT(B4,"YYYY-MM")) | I4: =IF(H4="IC","OUI",IF(H4="HC","OUI",IF(H4="HR","NON","A_CONTROLER"))) | J4: =IF(H4="IC","OUI",IF(H4="HC","NON",IF(H4="HR","NON","A_CONTROLER"))) | AD4: =IF(A4="","",TEXT(B4,"YYYYMMDD")&"|"&TEXT(D4,"0.00")&"|"&F4&"|"&M4)
C5: =IF(B5="","",TEXT(B5,"YYYY-MM")) | I5: =IF(H5="IC","OUI",IF(H5="HC","OUI",IF(H5="HR","NON","A_CONTROLER"))) | J5: =IF(H5="IC","OUI",IF(H5="HC","NON",IF(H5="HR","NON","A_CONTROLER"))) | AD5: =IF(A5="","",TEXT(B5,"YYYYMMDD")&"|"&TEXT(D5,"0.00")&"|"&F5&"|"&M5)
C6: =IF(B6="","",TEXT(B6,"YYYY-MM")) | I6: =IF(H6="IC","OUI",IF(H6="HC","OUI",IF(H6="HR","NON","A_CONTROLER"))) | J6: =IF(H6="IC","OUI",IF(H6="HC","NON",IF(H6="HR","NON","A_CONTROLER"))) | AD6: =IF(A6="","",TEXT(B6,"YYYYMMDD")&"|"&TEXT(D6,"0.00")&"|"&F6&"|"&M6)
C7: =IF(B7="","",TEXT(B7,"YYYY-MM")) | I7: =IF(H7="IC","OUI",IF(H7="HC","OUI",IF(H7="HR","NON","A_CONTROLER"))) | J7: =IF(H7="IC","OUI",IF(H7="HC","NON",IF(H7="HR","NON","A_CONTROLER"))) | AD7: =IF(A7="","",TEXT(B7,"YYYYMMDD")&"|"&TEXT(D7,"0.00")&"|"&F7&"|"&M7)
C8: =IF(B8="","",TEXT(B8,"YYYY-MM")) | I8: =IF(H8="IC","OUI",IF(H8="HC","OUI",IF(H8="HR","NON","A_CONTROLER"))) | J8: =IF(H8="IC","OUI",IF(H8="HC","NON",IF(H8="HR","NON","A_CONTROLER"))) | AD8: =IF(A8="","",TEXT(B8,"YYYYMMDD")&"|"&TEXT(D8,"0.00")&"|"&F8&"|"&M8)
C9: =IF(B9="","",TEXT(B9,"YYYY-MM")) | I9: =IF(H9="IC","OUI",IF(H9="HC","OUI",IF(H9="HR","NON","A_CONTROLER"))) | J9: =IF(H9="IC","OUI",IF(H9="HC","NON",IF(H9="HR","NON","A_CONTROLER"))) | AD9: =IF(A9="","",TEXT(B9,"YYYYMMDD")&"|"&TEXT(D9,"0.00")&"|"&F9&"|"&M9)
C10: =IF(B10="","",TEXT(B10,"YYYY-MM")) | I10: =IF(H10="IC","OUI",IF(H10="HC","OUI",IF(H10="HR","NON","A_CONTROLER"))) | J10: =IF(H10="IC","OUI",IF(H10="HC","NON",IF(H10="HR","NON","A_CONTROLER"))) | AD10: =IF(A10="","",TEXT(B10,"YYYYMMDD")&"|"&TEXT(D10,"0.00")&"|"&F10&"|"&M10)
C11: =IF(B11="","",TEXT(B11,"YYYY-MM")) | I11: =IF(H11="IC","OUI",IF(H11="HC","OUI",IF(H11="HR","NON","A_CONTROLER"))) | J11: =IF(H11="IC","OUI",IF(H11="HC","NON",IF(H11="HR","NON","A_CONTROLER"))) | AD11: =IF(A11="","",TEXT(B11,"YYYYMMDD")&"|"&TEXT(D11,"0.00")&"|"&F11&"|"&M11)
C12: =IF(B12="","",TEXT(B12,"YYYY-MM")) | I12: =IF(H12="IC","OUI",IF(H12="HC","OUI",IF(H12="HR","NON","A_CONTROLER"))) | J12: =IF(H12="IC","OUI",IF(H12="HC","NON",IF(H12="HR","NON","A_CONTROLER"))) | AD12: =IF(A12="","",TEXT(B12,"YYYYMMDD")&"|"&TEXT(D12,"0.00")&"|"&F12&"|"&M12)
C13: =IF(B13="","",TEXT(B13,"YYYY-MM")) | I13: =IF(H13="IC","OUI",IF(H13="HC","OUI",IF(H13="HR","NON","A_CONTROLER"))) | J13: =IF(H13="IC","OUI",IF(H13="HC","NON",IF(H13="HR","NON","A_CONTROLER"))) | AD13: =IF(A13="","",TEXT(B13,"YYYYMMDD")&"|"&TEXT(D13,"0.00")&"|"&F13&"|"&M13)
... C501: =IF(B501="","",TEXT(B501,"YYYY-MM")) | I501: =IF(H501="IC","OUI",IF(H501="HC","OUI",IF(H501="HR","NON","A_CONTROLER"))) | J501: =IF(H501="IC","OUI",IF(H501="HC","NON",IF(H501="HR","NON","A_CONTROLER"))) | AD501: =IF(A501="","",TEXT(B501,"YYYYMMDD")&"|"&TEXT(D501,"0.00")&"|"&F501&"|"&M501)

Sheet REF_LOCALE
A1: lst_Categories | B1: lst_TypesFlux_Lot3 | C1: lst_Codes_Impact | D1: lst_Sens_Flux | E1: lst_Associes | F1: lst_ModesPaiement | G1: lst_Cartes | H1: lst_Affectation | I1: lst_Logements | J1: lst_Proprietaires | K1: lst_Statuts_Controle | L1: lst_Niveau_Anomalie | M1: lst_Source_Flux | N1: lst_Methode | O1: lst_Statut_Rapprochement | P1: lst_Prise_Compta | Q1: lst_Refacturable | R1: lst_Justificatif | S1: lst_Profils_Impact
A2: CHG_001 | B2: TYPE_FLUX_002 | C2: IC | D2: DEPENSE | E2: PERS_EWAN | F2: PAY_001 | G2: CARTE_001 | H2: LOGEMENT | I2: LOG_0001 | J2: PROP_0001 | K2: VALIDE | L2: INFO | M2: SAISIE_MANUELLE | N2: DIRECT | O2: NON_RAPPROCHE | P2: OUI | Q2: OUI | R2: OUI | S2: GLOBAL
A3: CHG_002 | B3: TYPE_FLUX_004 | C3: HC | D3: RECUPERATION | E3: PERS_WAFA | F3: PAY_002 | G3: CARTE_002 | H3: PROPRIETAIRE | I3: LOG_0002 | J3: PROP_0002 | K3: A_CONTROLER | L3: A_CONTROLER | M3: FACTURE_PDF | N3: VIA_VUE_MENAGE | O3: RAPPROCHE_BANQUE | P3: NON | Q3: NON | R3: NON | S3: LOGEMENT_DIRECT
A4: CHG_003 | B4: TYPE_FLUX_008 | C4: HR | D4: REMBOURSEMENT | F4: PAY_003 | H4: GLOBAL | I4: LOG_0004 | J4: PROP_0003 | K4: EXCLU_RESULTAT | L4: BLOQUANT | M4: RAPPROCHEMENT_BANCAIRE | N4: REFACTURATION_PROPRIETAIRE | O4: SANS_RAPPROCHEMENT | R4: LIEN | S4: MENAGE_INTERVENANT
A5: CHG_004 | B5: TYPE_FLUX_009 | D5: REFACTURATION | F5: PAY_004 | H5: NON_AFFECTABLE | I5: LOG_0005 | J5: PROP_0004 | K5: A_VENTILER | M5: RESERVATION_HH | N5: NEUTRALISATION | O5: ECART_A_ANALYSER | S5: MENAGE_LOGEMENTS
A6: CHG_005 | B6: TYPE_FLUX_010 | D6: NEUTRE | F6: PAY_005 | I6: LOG_0006 | J6: PROP_0005 | M6: AIRCOVER | N6: A_CONFIRMER | S6: PARCOURS_DEDIE
A7: CHG_006 | B7: TYPE_FLUX_011 | I7: LOG_0007 | J7: PROP_0006
A8: CHG_007 | B8: TYPE_FLUX_012 | I8: LOG_0008 | J8: PROP_0007
A9: CHG_008 | B9: TYPE_FLUX_016 | I9: LOG_0009 | J9: PROP_0008
A10: CHG_009 | B10: TYPE_FLUX_020 | I10: LOG_0010 | J10: PROP_0009
A11: CHG_010 | I11: LOG_0011 | J11: PROP_0010
A12: CHG_011 | I12: LOG_0012 | J12: PROP_0011
A13: CHG_012 | I13: LOG_0013 | J13: PROP_0012
A14: CHG_013 | I14: LOG_0014
A15: CHG_014 | I15: LOG_0015
A16: CHG_015 | I16: LOG_0016
A17: CHG_016 | I17: LOG_0017
A18: CHG_017 | I18: APPARTEMENT_DIVERS
A19: CHG_018 | I19: LOGEMENT_DIVERS
A20: CHG_019
A21: CHG_020
A22: CHG_021
A23: CHG_022
A24: CHG_023
A25: CHG_024

Sheet CONTROLES_SAISIE
A1: Code | B1: Libelle | C1: Valeur | D1: Seuil | E1: Note
A2: CTR-L3-01 | B2: Lignes saisies (charge_id renseigne) | C2: =MAX(0,COUNTA(SAISIE!A:A)-1) | D2: INFO
A3: CTR-L3-02 | B3: Lignes VALIDE (statut_controle) | C3: =COUNTIF(SAISIE!X:X,"VALIDE") | D3: INFO
A4: CTR-L3-03 | B4: Lignes A_CONTROLER (statut_controle) | C4: =COUNTIF(SAISIE!X:X,"A_CONTROLER") | D4: ATTENTION si > 0
A5: CTR-L3-04 | B5: Lignes EXCLU_RESULTAT | C5: =COUNTIF(SAISIE!X:X,"EXCLU_RESULTAT") | D5: INFO
A6: CTR-L3-05 | B6: Lignes A_VENTILER | C6: =COUNTIF(SAISIE!X:X,"A_VENTILER") | D6: ATTENTION si > 0
A7: CTR-L3-06 | B7: Lignes BLOQUANT (niveau_anomalie) | C7: =COUNTIF(SAISIE!Y:Y,"BLOQUANT") | D7: BLOQUANT si > 0 | E7: Doit etre 0 avant livraison vers MASTER
A8: CTR-L3-07 | B8: charge_id dupliques | C8: =SUMPRODUCT((COUNTIF(SAISIE!A2:A1001,SAISIE!A2:A1001)-1)*(SAISIE!A2:A1001<>"")) | D8: BLOQUANT si > 0 | E8: PK unique obligatoire
A9: CTR-L3-08 | B9: Montant total IC | C9: =SUMIF(SAISIE!H:H,"IC",SAISIE!D:D) | D9: INFO
A10: CTR-L3-09 | B10: Montant total HC | C10: =SUMIF(SAISIE!H:H,"HC",SAISIE!D:D) | D10: INFO
A11: CTR-L3-10 | B11: date_charge vide (charge_id renseigne) | C11: =COUNTIFS(SAISIE!A2:A1001,"<>",SAISIE!B2:B1001,"") | D11: BLOQUANT si > 0 | E11: date_charge obligatoire si charge_id renseigne
A12: CTR-L3-11 | B12: CHG_021 sans reservation_id (D041) | C12: =COUNTIFS(SAISIE!F2:F1001,"CHG_021",SAISIE!R2:R1001,"") | D12: BLOQUANT si > 0 | E12: reservation_id obligatoire pour incidents voyageurs
A13: CTR-L3-12 | B13: code_impact vide (charge_id renseigne) | C13: =COUNTIFS(SAISIE!A2:A1001,"<>",SAISIE!H2:H1001,"") | D13: BLOQUANT si > 0
A14: CTR-L3-13 | B14: statut_controle vide (charge_id renseigne) | C14: =COUNTIFS(SAISIE!A2:A1001,"<>",SAISIE!X2:X1001,"") | D14: ATTENTION si > 0 | E14: Doit etre renseigne avant integration MASTER

Sheet README
A1: SAISIE_Charges_Flux.xlsx — Guide de saisie (Lot 3)
A3: SOURCE : D026 — Source unique des achats, charges, consommables, linge, materiel.
A4: EXCLUT : IK et virements associes (Lot 7). Acomptes proprietaires (Lot 5).
A6: REGLES OBLIGATOIRES
A7: 1. charge_id : PK unique. Nomenclature : CHG-AAAA-MM-IMPACT-ASSOC-NNN
A8: Exemple : CHG-2026-04-HC-WAFA-CB-001
A9: 2. montant : TOUJOURS positif (TTC). Le sens est porte par la colonne sens_flux.
A10: 3. code_impact determine les deux colonnes calculees (non surchargeables) :
A11: IC → impact_resultat_reel = OUI / impact_resultat_comptable = OUI
A12: HC → impact_resultat_reel = OUI / impact_resultat_comptable = NON
A13: HR → impact_resultat_reel = NON / impact_resultat_comptable = NON
A14: 4. statut_controle : passer a VALIDE avant integration dans MASTER_FACT_MAN_Charges.
... A41: CTR-L3-12 = 0 (aucun code_impact vide)
